ID,Заголовок,Цена,Время,Место,URL
1,Asic антмайнер S9i 14Th/s ID устройства axiq48mnuw,31960,3 дня назад,р-н Центральный,https://www.avito.ru//krasnodar/nastolnye_kompyutery/asic_antmayner_s9i_14ths_id_ustroystva_axiq48mnuw_1470304469
2,Asic антмайнер S9i 14.5Th/s ID устройства mmve69lq,30900,4 дня назад,р-н Центральный,https://www.avito.ru//krasnodar/nastolnye_kompyutery/asic_antmayner_s9i_14.5ths_id_ustroystva_mmve69lq_1612261426
3,Asic антмайнер S9i 14Th/s ID номер qmtl71qvcs,31960,3 дня назад,р-н Центральный,https://www.avito.ru//krasnodar/nastolnye_kompyutery/asic_antmayner_s9i_14ths_id_nomer_qmtl71qvcs_1015473566
4,Asic S9 13.5 THs,40000,3 дня назад,р-н Западный,https://www.avito.ru//krasnodar/tovary_dlya_kompyutera/asic_s9_13.5_ths_1377343449
5,Asic S9i 14.5Th/s партия jfbk23bgah,30900,4 дня назад,р-н Центральный,https://www.avito.ru//krasnodar/nastolnye_kompyutery/asic_s9i_14.5ths_partiya_jfbk23bgah_1618890010
6,Asic майнер S9i 14Th/s ID номер gdof21yszd,31960,6 дней назад,р-н Центральный,https://www.avito.ru//krasnodar/nastolnye_kompyutery/asic_mayner_s9i_14ths_id_nomer_gdof21yszd_1303341014
7,Asic miner m3 12TH,25000,4 дня назад,р-н Центральный,https://www.avito.ru//krasnodar/tovary_dlya_kompyutera/asic_miner_m3_12th_1581988022
8,Asic S9i 14Th/s партия poyc11hces,31960,5 дней назад,р-н Центральный,https://www.avito.ru//krasnodar/nastolnye_kompyutery/asic_s9i_14ths_partiya_poyc11hces_1589769343
9,"Asics Gel Kayano Trainer - Оригинал, Новые",3490,1 неделю назад,р-н Карасунский,https://www.avito.ru//krasnodar/odezhda_obuv_aksessuary/asics_gel_kayano_trainer_-_original_novye_1439130632
10,Asic S9i 14.5Th/s ID номер iolx26zxqp,30900,6 дней назад,р-н Центральный,https://www.avito.ru//krasnodar/nastolnye_kompyutery/asic_s9i_14.5ths_id_nomer_iolx26zxqp_990429267
11,Asics Gel Kayano 25 42 размер,6000,1 неделю назад,р-н Центральный,https://www.avito.ru//krasnodar/sport_i_otdyh/asics_gel_kayano_25_42_razmer_1343486857
12,"Asic Bitmain AntMiner L3+, майнинг в наличии",49990,1 неделю назад,р-н Центральный,https://www.avito.ru//krasnodar/tovary_dlya_kompyutera/asic_bitmain_antminer_l3_mayning_v_nalichii_1131670727
13,Asic Bitmain AntMiner S9-14TH майнинг в наличии,79990,1 неделю назад,р-н Центральный,https://www.avito.ru//krasnodar/tovary_dlya_kompyutera/asic_bitmain_antminer_s9-14th_mayning_v_nalichii_1098395995
14,Asic майнер S9i 14.5Th/s ID устройства pwit55dkou,30900,1 неделю назад,р-н Центральный,https://www.avito.ru//krasnodar/nastolnye_kompyutery/asic_mayner_s9i_14.5ths_id_ustroystva_pwit55dkou_1005004836
15,Asic S9i 14.5Th/s серия kpvg50gtqq,30900,1 неделю назад,р-н Центральный,https://www.avito.ru//krasnodar/nastolnye_kompyutery/asic_s9i_14.5ths_seriya_kpvg50gtqq_935767578
16,Asic S9i 14Th/s серия dlac90sxgp,31960,1 неделю назад,р-н Центральный,https://www.avito.ru//krasnodar/nastolnye_kompyutery/asic_s9i_14ths_seriya_dlac90sxgp_1675562323
17,Asic антмайнер S9i 14Th/s ID устройства vnoc00avsy,31960,1 неделю назад,р-н Центральный,https://www.avito.ru//krasnodar/nastolnye_kompyutery/asic_antmayner_s9i_14ths_id_ustroystva_vnoc00avsy_1372237450
18,Asic S9i 14Th/s ID устройства mqyg47gour,31960,1 неделю назад,р-н Центральный,https://www.avito.ru//krasnodar/nastolnye_kompyutery/asic_s9i_14ths_id_ustroystva_mqyg47gour_1544052153
19,Asic S9i 14Th/s партия yafu23szsi,31960,1 неделю назад,р-н Центральный,https://www.avito.ru//krasnodar/nastolnye_kompyutery/asic_s9i_14ths_partiya_yafu23szsi_1342947189
20,Мужские кроссовки для волейбола Asics Gel-Task MT,3790,1 день назад,р-н Центральный,https://www.avito.ru//krasnodar/odezhda_obuv_aksessuary/muzhskie_krossovki_dlya_voleybola_asics_gel-task_mt_1333327541
21,Кроссовки asics upcourt 2 для волейбола больших ра,3500,1 день назад,р-н Прикубанский,https://www.avito.ru//krasnodar/odezhda_obuv_aksessuary/krossovki_asics_upcourt_2_dlya_voleybola_bolshih_ra_1410197418
22,Asics. Оригинал. Made in Italy. Размер Xl,500,1 неделю назад,р-н Прикубанский,https://www.avito.ru//krasnodar/odezhda_obuv_aksessuary/asics._original._made_in_italy._razmer_xl_1187838047
23,Asic майнер S9i 14Th/s ID устройства rxvh00zzeu,31960,1 неделю назад,р-н Центральный,https://www.avito.ru//krasnodar/nastolnye_kompyutery/asic_mayner_s9i_14ths_id_ustroystva_rxvh00zzeu_1665637790
24,Кроссовки Asics,450,3 дня назад,р-н Карасунский,https://www.avito.ru//krasnodar/detskaya_odezhda_i_obuv/krossovki_asics_1694517472
25,Asic антмайнер S9i 14.5Th/s партия qexw84gzsr,30900,1 неделю назад,р-н Центральный,https://www.avito.ru//krasnodar/nastolnye_kompyutery/asic_antmayner_s9i_14.5ths_partiya_qexw84gzsr_1578703949
26,Asic S9i 14.5Th/s ID устройства uisb95uwys,30900,1 неделю назад,р-н Центральный,https://www.avito.ru//krasnodar/nastolnye_kompyutery/asic_s9i_14.5ths_id_ustroystva_uisb95uwys_1239703124
27,Мужские кроссовки Asics Gel Lyte V orange,1990,3 дня назад,р-н Карасунский,https://www.avito.ru//krasnodar/odezhda_obuv_aksessuary/muzhskie_krossovki_asics_gel_lyte_v_orange_1509829209
28,Кроссовки Asics 43-44,2800,12 часов назад,р-н Прикубанский,https://www.avito.ru//krasnodar/odezhda_obuv_aksessuary/krossovki_asics_43-44_1370484243
29,Кроссовки asics Gel Pulse 9,3300,3 дня назад,р-н Центральный,https://www.avito.ru//krasnodar/odezhda_obuv_aksessuary/krossovki_asics_gel_pulse_9_1348969065
30,Asic майнер S9i 14Th/s партия icbe85iown,31960,1 неделю назад,р-н Центральный,https://www.avito.ru//krasnodar/nastolnye_kompyutery/asic_mayner_s9i_14ths_partiya_icbe85iown_1691918294
31,Кроссовки для тенниса Asics Gel-Resolution 7 Clay,3400,4 дня назад,р-н Центральный,https://www.avito.ru//krasnodar/odezhda_obuv_aksessuary/krossovki_dlya_tennisa_asics_gel-resolution_7_clay_1127718296
32,Asic Innosilicon A9 ZMaster,248000,1 неделю назад,р-н Западный,https://www.avito.ru//krasnodar/nastolnye_kompyutery/asic_innosilicon_a9_zmaster_1235874077
33,Мужские кроссовки Asics Stormer 2,2950,4 дня назад,р-н Центральный,https://www.avito.ru//krasnodar/odezhda_obuv_aksessuary/muzhskie_krossovki_asics_stormer_2_1434580394
34,Asic антмайнер S9i 14.5Th/s серия lezr69ywcc,30900,1 неделю назад,р-н Центральный,https://www.avito.ru//krasnodar/nastolnye_kompyutery/asic_antmayner_s9i_14.5ths_seriya_lezr69ywcc_1517692907
35,Лосины asics,400,1 день назад,р-н Западный,https://www.avito.ru//krasnodar/odezhda_obuv_aksessuary/losiny_asics_1620732817
36,Мужские кроссовки Asics Gel Lyte V,1990,5 дней назад,р-н Карасунский,https://www.avito.ru//krasnodar/odezhda_obuv_aksessuary/muzhskie_krossovki_asics_gel_lyte_v_1185258488
37,Asic майнер S9i 14.5Th/s серия wdoh88mnkg,30900,2 недели назад,р-н Центральный,https://www.avito.ru//krasnodar/nastolnye_kompyutery/asic_mayner_s9i_14.5ths_seriya_wdoh88mnkg_1659826775
38,Кроссовки asics,800,5 дней назад,р-н Центральный,https://www.avito.ru//krasnodar/detskaya_odezhda_i_obuv/krossovki_asics_1035291749
39,"Asic Bitman antminer S9-13,5TH/S",42000,1 неделю назад,р-н Центральный,https://www.avito.ru//krasnodar/tovary_dlya_kompyutera/asic_bitman_antminer_s9-135ths_1266781667
40,Asic Bitmain Antminer S9 Hydro (18Th),115000,1 неделю назад,р-н Центральный,https://www.avito.ru//krasnodar/tovary_dlya_kompyutera/asic_bitmain_antminer_s9_hydro_18th_1361694464
41,Asic bitmain antminer S9I 14 TH/S,46000,1 неделю назад,р-н Центральный,https://www.avito.ru//krasnodar/tovary_dlya_kompyutera/asic_bitmain_antminer_s9i_14_ths_1374078227
42,"Кроссовки asics новые размер 42,5",3990,3 дня назад,р-н Центральный,https://www.avito.ru//krasnodar/odezhda_obuv_aksessuary/krossovki_asics_novye_razmer_425_1652518939
43,Мужские кроссовки Asics Gel Saga yellow,1990,6 дней назад,р-н Карасунский,https://www.avito.ru//krasnodar/odezhda_obuv_aksessuary/muzhskie_krossovki_asics_gel_saga_yellow_1378265908
44,Кроссовки Asics Gel V фирменные,2150,3 дня назад,р-н Прикубанский,https://www.avito.ru//krasnodar/odezhda_obuv_aksessuary/krossovki_asics_gel_v_firmennye_959004714
45,Asic антмайнер S9i 14Th/s ID номер ssij28uhrc,31960,1 неделю назад,р-н Центральный,https://www.avito.ru//krasnodar/nastolnye_kompyutery/asic_antmayner_s9i_14ths_id_nomer_ssij28uhrc_1606832823
46,Asic S9i 14.5Th/s ID устройства sdux01qalq,30900,2 недели назад,р-н Центральный,https://www.avito.ru//krasnodar/nastolnye_kompyutery/asic_s9i_14.5ths_id_ustroystva_sdux01qalq_991435721
47,Asic антмайнер S9i 14Th/s ID устройства jhjv49uxit,31960,2 недели назад,р-н Центральный,https://www.avito.ru//krasnodar/nastolnye_kompyutery/asic_antmayner_s9i_14ths_id_ustroystva_jhjv49uxit_1051967024
48,Женский спортивный костюм asics,4000,1 неделю назад,р-н Центральный,https://www.avito.ru//krasnodar/odezhda_obuv_aksessuary/zhenskiy_sportivnyy_kostyum_asics_1285278734
49,Ветровка беговая Asics,2000,1 неделю назад,р-н Центральный,https://www.avito.ru//krasnodar/odezhda_obuv_aksessuary/vetrovka_begovaya_asics_1351231637
50,Кроссовки беговые женские asics,2300,1 неделю назад,р-н Центральный,https://www.avito.ru//krasnodar/odezhda_obuv_aksessuary/krossovki_begovye_zhenskie_asics_1691835211
51,Кроссовки asics 27 размер (состояние новых),850,1 неделю назад,р-н Центральный,https://www.avito.ru//krasnodar/detskaya_odezhda_i_obuv/krossovki_asics_27_razmer_sostoyanie_novyh_1562495667
52,Новые Asics Gel Kayano,3490,1 неделю назад,р-н Карасунский,https://www.avito.ru//krasnodar/odezhda_obuv_aksessuary/novye_asics_gel_kayano_1330204664
53,Кроссовки Asics gel lyte v,3150,1 неделю назад,р-н Прикубанский,https://www.avito.ru//krasnodar/odezhda_obuv_aksessuary/krossovki_asics_gel_lyte_v_1303162003
54,Asic S9i 14Th/s серия xnmx45nuta,31960,2 недели назад,р-н Центральный,https://www.avito.ru//krasnodar/nastolnye_kompyutery/asic_s9i_14ths_seriya_xnmx45nuta_1607789858
55,Асик Asic S9 Antminer Bitmain 13.5 Th/s Новый,54000,1 неделю назад,р-н Центральный,https://www.avito.ru//krasnodar/tovary_dlya_kompyutera/asik_asic_s9_antminer_bitmain_13.5_ths_novyy_1670006512
56,Asic S9i 14.5Th/s серия xpbs15nrvy,30900,2 недели назад,р-н Центральный,https://www.avito.ru//krasnodar/nastolnye_kompyutery/asic_s9i_14.5ths_seriya_xpbs15nrvy_1690422422
57,Борцовки красные asics,1900,5 дней назад,р-н Центральный,https://www.avito.ru//krasnodar/sport_i_otdyh/bortsovki_krasnye_asics_1402802801
58,Asic S9i 14Th/s ID номер ufve04pgco,31960,2 недели назад,р-н Центральный,https://www.avito.ru//krasnodar/nastolnye_kompyutery/asic_s9i_14ths_id_nomer_ufve04pgco_1687931085
59,Теннисное платье asics 146479 8065 athlete Y dress,1000,1 неделю назад,р-н Центральный,https://www.avito.ru//krasnodar/odezhda_obuv_aksessuary/tennisnoe_plate_asics_146479_8065_athlete_y_dress_1538625111
60,"Кроссовки Asics, 39 размер",2500,1 неделю назад,р-н Прикубанский,https://www.avito.ru//krasnodar/odezhda_obuv_aksessuary/krossovki_asics_39_razmer_1592591187
61,"Asics Tiger Gel Kayano Trainer - Оригинал, Новые",3490,2 недели назад,р-н Карасунский,https://www.avito.ru//krasnodar/odezhda_obuv_aksessuary/asics_tiger_gel_kayano_trainer_-_original_novye_1232316897
62,Asics gel-cumulus 18 g-tx,5700,2 недели назад,р-н Прикубанский,https://www.avito.ru//krasnodar/odezhda_obuv_aksessuary/asics_gel-cumulus_18_g-tx_1105681780
63,Блок питания Bitmain APW3++ asic майнинг,14990,1 неделю назад,р-н Центральный,https://www.avito.ru//krasnodar/tovary_dlya_kompyutera/blok_pitaniya_bitmain_apw3_asic_mayning_1060398094
64,Борцовки Asics,1400,1 неделю назад,р-н Центральный,https://www.avito.ru//krasnodar/sport_i_otdyh/bortsovki_asics_1193963168
65,Борцовская форма asics,1000,1 неделю назад,р-н Центральный,https://www.avito.ru//krasnodar/detskaya_odezhda_i_obuv/bortsovskaya_forma_asics_1117800651
66,Кроссовки Asics Gel Lyte III,4090,1 неделю назад,Район не указан,https://www.avito.ru//krasnodar/odezhda_obuv_aksessuary/krossovki_asics_gel_lyte_iii_1197380341
67,Кроссовки беговые Asics GEL-pulse 9,3000,1 неделю назад,р-н Западный,https://www.avito.ru//krasnodar/odezhda_obuv_aksessuary/krossovki_begovye_asics_gel-pulse_9_1196984001
68,"Asic bitmain antminer S9-13,5 TH/S Б/У",30000,2 недели назад,р-н Карасунский,https://www.avito.ru//krasnodar/tovary_dlya_kompyutera/asic_bitmain_antminer_s9-135_ths_bu_1594146702
69,"Куртка «asics» (новая), р/р S",3000,1 неделю назад,р-н Прикубанский,https://www.avito.ru//krasnodar/odezhda_obuv_aksessuary/kurtka_asics_novaya_rr_s_1219600972
70,Сапожки Asics,1100,1 неделю назад,р-н Центральный,https://www.avito.ru//krasnodar/detskaya_odezhda_i_obuv/sapozhki_asics_930493087
71,Кроссовки asics,2890,1 неделю назад,р-н Карасунский,https://www.avito.ru//krasnodar/odezhda_obuv_aksessuary/krossovki_asics_1508277064
72,Новые кроссы asics,2200,1 неделю назад,р-н Центральный,https://www.avito.ru//krasnodar/odezhda_obuv_aksessuary/novye_krossy_asics_1459315887
73,Кроссовки Asics оригинал,500,1 неделю назад,р-н Центральный,https://www.avito.ru//krasnodar/detskaya_odezhda_i_obuv/krossovki_asics_original_1273457293
74,Кроссовки Asics Gel Lyte Five,3450,1 неделю назад,р-н Прикубанский,https://www.avito.ru//krasnodar/odezhda_obuv_aksessuary/krossovki_asics_gel_lyte_five_1273380932
75,Кроссовки Asics Gel Lyte 5,2990,1 неделю назад,р-н Центральный,https://www.avito.ru//krasnodar/odezhda_obuv_aksessuary/krossovki_asics_gel_lyte_5_1189343495
76,Кроссовки Asics GelSaga,3450,1 неделю назад,р-н Карасунский,https://www.avito.ru//krasnodar/odezhda_obuv_aksessuary/krossovki_asics_gelsaga_1360425750
77,Кроссовки asics GEL lyte V (5) black sunset,3100,1 неделю назад,р-н Прикубанский,https://www.avito.ru//krasnodar/odezhda_obuv_aksessuary/krossovki_asics_gel_lyte_v_5_black_sunset_1063443304
78,Кроссовки Asics Gel Sight,3450,1 неделю назад,р-н Прикубанский,https://www.avito.ru//krasnodar/odezhda_obuv_aksessuary/krossovki_asics_gel_sight_1315216621
79,Кроссовки Asics gel-kayno Trainer white,3450,1 неделю назад,р-н Прикубанский,https://www.avito.ru//krasnodar/odezhda_obuv_aksessuary/krossovki_asics_gel-kayno_trainer_white_1098490255
80,Antminer T9+ 10.5TH/S Bitmain asic в наличии,49990,1 неделю назад,р-н Центральный,https://www.avito.ru//krasnodar/tovary_dlya_kompyutera/antminer_t9_10.5ths_bitmain_asic_v_nalichii_1507245943
81,Asic Bitmain AntMiner A3-815GH/s продажа Bitcoin,79990,2 недели назад,р-н Центральный,https://www.avito.ru//krasnodar/tovary_dlya_kompyutera/asic_bitmain_antminer_a3-815ghs_prodazha_bitcoin_1129401627
82,Кроссовки asics (детские),1000,1 неделю назад,р-н Центральный,https://www.avito.ru//krasnodar/detskaya_odezhda_i_obuv/krossovki_asics_detskie_962863151
83,"Asic bitmain antminer S9-13,5 TH/S Б/У",39000,2 недели назад,р-н Центральный,https://www.avito.ru//krasnodar/tovary_dlya_kompyutera/asic_bitmain_antminer_s9-135_ths_bu_1554086521
84,Кроссовки Asics Gel Noosa Tri 11,5000,1 неделю назад,р-н Прикубанский,https://www.avito.ru//krasnodar/odezhda_obuv_aksessuary/krossovki_asics_gel_noosa_tri_11_1321320440
85,Asics кроссовки новые,3000,2 недели назад,р-н Западный,https://www.avito.ru//krasnodar/detskaya_odezhda_i_obuv/asics_krossovki_novye_1625535448
86,Asic Bitmain Antminer D3 новый,49990,2 недели назад,р-н Центральный,https://www.avito.ru//krasnodar/tovary_dlya_kompyutera/asic_bitmain_antminer_d3_novyy_1105786575
87,Antminer s9 + s9i Новые. 14+14.5T. Асик. asic,39900,1 неделю назад,р-н Центральный,https://www.avito.ru//krasnodar/tovary_dlya_kompyutera/antminer_s9_s9i_novye._1414.5t._asik._asic_1212389717
88,Боксы для asic antminer s9,5000,1 неделю назад,р-н Западный,https://www.avito.ru//krasnodar/tovary_dlya_kompyutera/boksy_dlya_asic_antminer_s9_1273777555
89,Кроссовки беговые Asics GEL-quantum 360,4000,1 неделю назад,р-н Центральный,https://www.avito.ru//krasnodar/odezhda_obuv_aksessuary/krossovki_begovye_asics_gel-quantum_360_1129394351
90,Asics,3990,3 недели назад,Район не указан,https://www.avito.ru//krasnodar/odezhda_obuv_aksessuary/asics_1551384896
91,Asic Antminer Z9 mini,71000,3 недели назад,р-н Прикубанский,https://www.avito.ru//krasnodar/tovary_dlya_kompyutera/asic_antminer_z9_mini_1710306547
92,PSU Блок питания APW3++ для asic S9/D3/L3+ Наличие,8990,2 недели назад,р-н Центральный,https://www.avito.ru//krasnodar/tovary_dlya_kompyutera/psu_blok_pitaniya_apw3_dlya_asic_s9d3l3_nalichie_1174172238
93,"Борцовки Asics, трико борцовское подросток",1300,2 недели назад,р-н Прикубанский,https://www.avito.ru//krasnodar/sport_i_otdyh/bortsovki_asics_triko_bortsovskoe_podrostok_895525614
94,Asic Antminer Z9 для майнинга,239000,3 недели назад,р-н Прикубанский,https://www.avito.ru//krasnodar/tovary_dlya_kompyutera/asic_antminer_z9_dlya_mayninga_1581378861
95,Кроссовки asics gel kayano 23,6900,2 недели назад,р-н Карасунский,https://www.avito.ru//krasnodar/odezhda_obuv_aksessuary/krossovki_asics_gel_kayano_23_1142437802
96,"Кроссовки asics новые 46,5 размер",4000,2 недели назад,р-н Карасунский,https://www.avito.ru//krasnodar/odezhda_obuv_aksessuary/krossovki_asics_novye_465_razmer_701378416
97,Майка для бега Asics,600,2 недели назад,р-н Прикубанский,https://www.avito.ru//krasnodar/sport_i_otdyh/mayka_dlya_bega_asics_1014931775
98,"Сервисный центр Bitmain, ремонт Asic для майнинга",1000,2 недели назад,"
       (р-н Центральный)
    ",https://www.avito.ru//krasnodar/predlozheniya_uslug/servisnyy_tsentr_bitmain_remont_asic_dlya_mayninga_1149162406
99,Кроссовки asics новые,3400,2 недели назад,р-н Прикубанский,https://www.avito.ru//krasnodar/odezhda_obuv_aksessuary/krossovki_asics_novye_1709105566
100,Bitmain Antminer E3 asic для Ethereum,129990,2 недели назад,р-н Западный,https://www.avito.ru//krasnodar/tovary_dlya_kompyutera/bitmain_antminer_e3_asic_dlya_ethereum_1518283009
101,Кроссовки asics,1600,2 недели назад,р-н Центральный,https://www.avito.ru//krasnodar/odezhda_obuv_aksessuary/krossovki_asics_1103453700
102,Волейбольные кроссовки Asics Gel-Rocket 8,3550,2 недели назад,Район не указан,https://www.avito.ru//krasnodar/odezhda_obuv_aksessuary/voleybolnye_krossovki_asics_gel-rocket_8_1116566180
103,Новые кроссовки asics onitsuka,4000,2 недели назад,Район не указан,https://www.avito.ru//krasnodar/odezhda_obuv_aksessuary/novye_krossovki_asics_onitsuka_1326986223
104,Борцовки Asics Snapdown 2,5190,2 недели назад,р-н Карасунский,https://www.avito.ru//krasnodar/sport_i_otdyh/bortsovki_asics_snapdown_2_1564102977
105,Asics tiger р.30,2900,3 недели назад,р-н Прикубанский,https://www.avito.ru//krasnodar/detskaya_odezhda_i_obuv/asics_tiger_r.30_1196417633
106,Кроссовки asics,2500,2 недели назад,р-н Центральный,https://www.avito.ru//krasnodar/odezhda_obuv_aksessuary/krossovki_asics_1652131124
107,Asics tiger Gel-Kayano Trainer Evo Black/Black,4990,3 недели назад,р-н Карасунский,https://www.avito.ru//krasnodar/odezhda_obuv_aksessuary/asics_tiger_gel-kayano_trainer_evo_blackblack_1208833705
108,Кроссовки Asics gel lyte 5,3300,2 недели назад,р-н Прикубанский,https://www.avito.ru//krasnodar/odezhda_obuv_aksessuary/krossovki_asics_gel_lyte_5_1071797073
109,Asics tiger Gel-Kayano Trainer Evo Black/Black,4990,3 недели назад,р-н Карасунский,https://www.avito.ru//krasnodar/odezhda_obuv_aksessuary/asics_tiger_gel-kayano_trainer_evo_blackblack_1663799126
110,Кроссовки Asics Gel Kayano Trainer Knit white,4090,2 недели назад,Район не указан,https://www.avito.ru//krasnodar/odezhda_obuv_aksessuary/krossovki_asics_gel_kayano_trainer_knit_white_1683546483
111,"Борцовки Asics JB Elite 3, размер 42,5",6190,2 недели назад,р-н Карасунский,https://www.avito.ru//krasnodar/sport_i_otdyh/bortsovki_asics_jb_elite_3_razmer_425_1497918925
112,Борцовки детские Asics Mattflex 5 GS 37 размер,2100,2 недели назад,р-н Карасунский,https://www.avito.ru//krasnodar/sport_i_otdyh/bortsovki_detskie_asics_mattflex_5_gs_37_razmer_1378479542
113,Куртка Asics,3500,2 недели назад,р-н Центральный,https://www.avito.ru//krasnodar/odezhda_obuv_aksessuary/kurtka_asics_1658206830
114,"Asics tiger GEL-Kayano Trainer EVO ""Indigo Blue""",4990,3 недели назад,р-н Карасунский,https://www.avito.ru//krasnodar/odezhda_obuv_aksessuary/asics_tiger_gel-kayano_trainer_evo_indigo_blue_1119410757
115,Кросовки шипованные asics,1700,2 недели назад,р-н Центральный,https://www.avito.ru//krasnodar/odezhda_obuv_aksessuary/krosovki_shipovannye_asics_1022243802
116,Майнер для криптовалюты Asic BTC M3 11.5-12,150000,3 недели назад,Район не указан,https://www.avito.ru//krasnodar/nastolnye_kompyutery/mayner_dlya_kriptovalyuty_asic_btc_m3_11.5-12_1156223213
117,Кроссовки Asics,1500,2 недели назад,Район не указан,https://www.avito.ru//krasnodar/odezhda_obuv_aksessuary/krossovki_asics_1622815330
118,Кеды asics,2500,2 недели назад,р-н Западный,https://www.avito.ru//krasnodar/odezhda_obuv_aksessuary/kedy_asics_843369385
119,Шиповки asics cyberjump,2000,3 недели назад,р-н Прикубанский,https://www.avito.ru//krasnodar/odezhda_obuv_aksessuary/shipovki_asics_cyberjump_1438290471
120,Шорты беговые asics,700,3 недели назад,р-н Центральный,https://www.avito.ru//krasnodar/odezhda_obuv_aksessuary/shorty_begovye_asics_1164934314
121,Asics Gel-Lyte V NS G-TX,6990,3 недели назад,р-н Карасунский,https://www.avito.ru//krasnodar/odezhda_obuv_aksessuary/asics_gel-lyte_v_ns_g-tx_1193217957
122,"Asics Tiger Gel-Lyte III Leather "" Triple White """,6900,3 недели назад,р-н Карасунский,https://www.avito.ru//krasnodar/odezhda_obuv_aksessuary/asics_tiger_gel-lyte_iii_leather_triple_white_1724667844
123,"Asics tiger Gel-Lyte III Leather "" Triple Black """,6900,3 недели назад,р-н Карасунский,https://www.avito.ru//krasnodar/odezhda_obuv_aksessuary/asics_tiger_gel-lyte_iii_leather_triple_black_1416233971
124,Кроссовки Asics Kayano Trainer,3450,3 недели назад,р-н Центральный,https://www.avito.ru//krasnodar/odezhda_obuv_aksessuary/krossovki_asics_kayano_trainer_1109123669
125,Кроссовки onitsuka tiger by asics,1500,3 недели назад,р-н Западный,https://www.avito.ru//krasnodar/odezhda_obuv_aksessuary/krossovki_onitsuka_tiger_by_asics_1238259901
126,Asics Gel-lyte V Reef Waters/Birch,3490,3 недели назад,р-н Прикубанский,https://www.avito.ru//krasnodar/odezhda_obuv_aksessuary/asics_gel-lyte_v_reef_watersbirch_1031724116
127,"Кроссовки женские asics GT-2110разм us 9 euro 40,5",3000,3 недели назад,р-н Западный,https://www.avito.ru//krasnodar/sport_i_otdyh/krossovki_zhenskie_asics_gt-2110razm_us_9_euro_405_1096703749
128,Плавки мужские asics slip rocco,1500,3 недели назад,р-н Центральный,https://www.avito.ru//krasnodar/odezhda_obuv_aksessuary/plavki_muzhskie_asics_slip_rocco_416570540
129,"Трусы легкоатлетические asics Men""s TI Short 2014",2050,3 недели назад,р-н Центральный,https://www.avito.ru//krasnodar/odezhda_obuv_aksessuary/trusy_legkoatleticheskie_asics_mens_ti_short_2014_340697041
130,Битмайн майнер S9i 14Th/s партия qrrs62sfqn,31960,2 часа назад,р-н Центральный,https://www.avito.ru//krasnodar/nastolnye_kompyutery/bitmayn_mayner_s9i_14ths_partiya_qrrs62sfqn_1713372220
131,Битмайн асик S9i 14Th/s ID устройства mxqf98qpkz,31960,3 часа назад,р-н Центральный,https://www.avito.ru//krasnodar/nastolnye_kompyutery/bitmayn_asik_s9i_14ths_id_ustroystva_mxqf98qpkz_1294467172
132,Мощный антмайнер S9i 14.5Th/s ID номер kshq67lhwj,30900,4 часа назад,р-н Центральный,https://www.avito.ru//krasnodar/nastolnye_kompyutery/moschnyy_antmayner_s9i_14.5ths_id_nomer_kshq67lhwj_1372752784
133,Мощный антмайнер S9i 14Th/s ID устройства ryyi70kv,31960,5 часов назад,р-н Центральный,https://www.avito.ru//krasnodar/nastolnye_kompyutery/moschnyy_antmayner_s9i_14ths_id_ustroystva_ryyi70kv_1701397310
134,Гарантия 3 года Майнер асик E3. Доставка по всей Р,120000,1 день назад,р-н Центральный,https://www.avito.ru//krasnodar/tovary_dlya_kompyutera/garantiya_3_goda_mayner_asik_e3._dostavka_po_vsey_r_1519206940
135,Битмайн асик S9i 14Th/s ID номер gfph08nrtd,31960,1 день назад,р-н Центральный,https://www.avito.ru//krasnodar/nastolnye_kompyutery/bitmayn_asik_s9i_14ths_id_nomer_gfph08nrtd_1091675251
136,Мощный майнер S9i 14.5Th/s партия zbkh61xsec,30900,1 день назад,р-н Центральный,https://www.avito.ru//krasnodar/nastolnye_kompyutery/moschnyy_mayner_s9i_14.5ths_partiya_zbkh61xsec_1703226636
137,Тайтсы легкоатлетические asics,2000,3 недели назад,р-н Центральный,https://www.avito.ru//krasnodar/odezhda_obuv_aksessuary/taytsy_legkoatleticheskie_asics_487408050
138,Шиповки беговые asics,1000,3 недели назад,р-н Карасунский,https://www.avito.ru//krasnodar/odezhda_obuv_aksessuary/shipovki_begovye_asics_1324736558
139,Кожаные кроссовки,900,1 день назад,р-н Прикубанский,https://www.avito.ru//krasnodar/odezhda_obuv_aksessuary/kozhanye_krossovki_1407240260
140,Кроссовки Asics GelLyte III серые,2999,3 недели назад,р-н Центральный,https://www.avito.ru//krasnodar/odezhda_obuv_aksessuary/krossovki_asics_gellyte_iii_serye_875215281
141,Битмайн антмайнер S9i 14.5Th/s партия dalw20xoms,30900,2 дня назад,р-н Центральный,https://www.avito.ru//krasnodar/nastolnye_kompyutery/bitmayn_antmayner_s9i_14.5ths_partiya_dalw20xoms_1353559367
142,Асик антмайнер S9i 14Th/s партия gsiu53inzu,31960,2 дня назад,р-н Центральный,https://www.avito.ru//krasnodar/nastolnye_kompyutery/asik_antmayner_s9i_14ths_partiya_gsiu53inzu_1502338028
143,Битмайн асик S9i 14Th/s серия gwct87riyz,31960,2 дня назад,р-н Центральный,https://www.avito.ru//krasnodar/nastolnye_kompyutery/bitmayn_asik_s9i_14ths_seriya_gwct87riyz_1297406470
144,Asic antimer d3,50000,3 недели назад,р-н Карасунский,https://www.avito.ru//krasnodar/tovary_dlya_kompyutera/asic_antimer_d3_1690194586
145,Асик антмайнер S9i 14.5Th/s серия dqfi79oyua,30900,2 дня назад,р-н Центральный,https://www.avito.ru//krasnodar/nastolnye_kompyutery/asik_antmayner_s9i_14.5ths_seriya_dqfi79oyua_1330845632
146,Асик майнер S9i 14Th/s ID устройства mlie38dryo,31960,2 дня назад,р-н Центральный,https://www.avito.ru//krasnodar/nastolnye_kompyutery/asik_mayner_s9i_14ths_id_ustroystva_mlie38dryo_1123932378
147,"Кроссовки Asics Gel Sight, 36-40р",3550,3 недели назад,р-н Центральный,https://www.avito.ru//krasnodar/odezhda_obuv_aksessuary/krossovki_asics_gel_sight_36-40r_1341049435
148,Асик антмайнер S9i 14.5Th/s ID устройства dtje40ua,30900,2 дня назад,р-н Центральный,https://www.avito.ru//krasnodar/nastolnye_kompyutery/asik_antmayner_s9i_14.5ths_id_ustroystva_dtje40ua_1518691420
149,Мощный асик S9i 14Th/s ID устройства lmhr60nkrz,31960,2 дня назад,р-н Центральный,https://www.avito.ru//krasnodar/nastolnye_kompyutery/moschnyy_asik_s9i_14ths_id_ustroystva_lmhr60nkrz_1603846109
150,Мощный асик S9i 14.5Th/s партия qvpb74zwlb,30900,2 дня назад,р-н Центральный,https://www.avito.ru//krasnodar/nastolnye_kompyutery/moschnyy_asik_s9i_14.5ths_partiya_qvpb74zwlb_1235455846
151,Битмайн асик S9i 14.5Th/s ID номер cscl48bifs,30900,2 дня назад,р-н Центральный,https://www.avito.ru//krasnodar/nastolnye_kompyutery/bitmayn_asik_s9i_14.5ths_id_nomer_cscl48bifs_1081922098
152,Кроссовки подростковые,850,2 дня назад,р-н Прикубанский,https://www.avito.ru//krasnodar/odezhda_obuv_aksessuary/krossovki_podrostkovye_1350567701
153,Asic Bitman Antminer Z9 mini,104000,3 недели назад,р-н Центральный,https://www.avito.ru//krasnodar/tovary_dlya_kompyutera/asic_bitman_antminer_z9_mini_1570390265
154,Асик майнер S9i 14Th/s серия efjv35zxno,31960,3 дня назад,р-н Центральный,https://www.avito.ru//krasnodar/nastolnye_kompyutery/asik_mayner_s9i_14ths_seriya_efjv35zxno_1149381353
155,Мощный антмайнер S9i 14.5Th/s партия trul70oczx,30900,3 дня назад,р-н Центральный,https://www.avito.ru//krasnodar/nastolnye_kompyutery/moschnyy_antmayner_s9i_14.5ths_partiya_trul70oczx_1621761637
156,Мощный майнер S9i 14.5Th/s ID устройства nnmk93wrt,30900,3 дня назад,р-н Центральный,https://www.avito.ru//krasnodar/nastolnye_kompyutery/moschnyy_mayner_s9i_14.5ths_id_ustroystva_nnmk93wrt_1615866333
157,Under Armour,700,3 дня назад,р-н Центральный,https://www.avito.ru//krasnodar/odezhda_obuv_aksessuary/under_armour_978475613
158,Мощный асик S9i 14Th/s партия jzmj54vmro,31960,4 дня назад,р-н Центральный,https://www.avito.ru//krasnodar/nastolnye_kompyutery/moschnyy_asik_s9i_14ths_partiya_jzmj54vmro_1679153968
159,Асик майнер S9i 14Th/s ID устройства szoh87aviw,31960,3 дня назад,р-н Центральный,https://www.avito.ru//krasnodar/nastolnye_kompyutery/asik_mayner_s9i_14ths_id_ustroystva_szoh87aviw_1436569875
160,Мощный асик S9i 14Th/s ID устройства ibyx52oypt,31960,4 дня назад,р-н Центральный,https://www.avito.ru//krasnodar/nastolnye_kompyutery/moschnyy_asik_s9i_14ths_id_ustroystva_ibyx52oypt_1157238149
161,Мощный антмайнер S9i 14.5Th/s ID устройства jmng71,30900,4 дня назад,р-н Центральный,https://www.avito.ru//krasnodar/nastolnye_kompyutery/moschnyy_antmayner_s9i_14.5ths_id_ustroystva_jmng71_1526699045
162,Трико борцовское,1500,5 дней назад,р-н Центральный,https://www.avito.ru//krasnodar/sport_i_otdyh/triko_bortsovskoe_1426248306
163,Борцовское трико,1000,5 дней назад,р-н Центральный,https://www.avito.ru//krasnodar/sport_i_otdyh/bortsovskoe_triko_1220051782
164,"Обувь пакетом 4 пары детской обуви. Сандали, ботин",3500,5 дней назад,р-н Центральный,https://www.avito.ru//krasnodar/detskaya_odezhda_i_obuv/obuv_paketom_4_pary_detskoy_obuvi._sandali_botin_1091706188
165,Мощный антмайнер S9i 14Th/s ID номер anyd53mbww,31960,5 дней назад,р-н Центральный,https://www.avito.ru//krasnodar/nastolnye_kompyutery/moschnyy_antmayner_s9i_14ths_id_nomer_anyd53mbww_1479492430
166,Мощный асик S9i 14Th/s серия axpa40ixcg,31960,5 дней назад,р-н Центральный,https://www.avito.ru//krasnodar/nastolnye_kompyutery/moschnyy_asik_s9i_14ths_seriya_axpa40ixcg_1347266393
167,Битмайн антмайнер S9i 14Th/s партия ikwa17ksin,31960,5 дней назад,р-н Центральный,https://www.avito.ru//krasnodar/nastolnye_kompyutery/bitmayn_antmayner_s9i_14ths_partiya_ikwa17ksin_1219043897
168,Мощный антмайнер S9i 14.5Th/s партия hciz24xiit,30900,5 дней назад,р-н Центральный,https://www.avito.ru//krasnodar/nastolnye_kompyutery/moschnyy_antmayner_s9i_14.5ths_partiya_hciz24xiit_1248712191
169,"Asic Bitman Antminer S9i (14,5 TH)",46000,3 недели назад,р-н Центральный,https://www.avito.ru//krasnodar/tovary_dlya_kompyutera/asic_bitman_antminer_s9i_145_th_1310838884
170,Битмайн майнер S9i 14.5Th/s партия omwb81jthu,30900,6 дней назад,р-н Центральный,https://www.avito.ru//krasnodar/nastolnye_kompyutery/bitmayn_mayner_s9i_14.5ths_partiya_omwb81jthu_1106744965
171,Интернет Магазин Брендовых Кроссовок,100000,6 дней назад,р-н Центральный,https://www.avito.ru//krasnodar/gotoviy_biznes/internet_magazin_brendovyh_krossovok_1226538256
172,Битмайн майнер S9i 14Th/s партия blgp97zppa,31960,6 дней назад,р-н Центральный,https://www.avito.ru//krasnodar/nastolnye_kompyutery/bitmayn_mayner_s9i_14ths_partiya_blgp97zppa_1620004846
173,Кросовки для девочки,700,6 дней назад,р-н Центральный,https://www.avito.ru//krasnodar/detskaya_odezhda_i_obuv/krosovki_dlya_devochki_974165081
174,Битмайн майнер S9i 14Th/s ID номер iyfq24jsuh,31960,6 дней назад,р-н Центральный,https://www.avito.ru//krasnodar/nastolnye_kompyutery/bitmayn_mayner_s9i_14ths_id_nomer_iyfq24jsuh_1258028716
175,Асик майнер S9i 14Th/s ID устройства bgdi46ftld,31960,6 дней назад,р-н Центральный,https://www.avito.ru//krasnodar/nastolnye_kompyutery/asik_mayner_s9i_14ths_id_ustroystva_bgdi46ftld_986879127
176,Вентилятор PFC1212DE 5500 об./мин,522,6 дней назад,р-н Карасунский,https://www.avito.ru//krasnodar/tovary_dlya_kompyutera/ventilyator_pfc1212de_5500_ob.min_1645703491
177,Мощный майнер S9i 14.5Th/s ID устройства bllj39qil,30900,6 дней назад,р-н Центральный,https://www.avito.ru//krasnodar/nastolnye_kompyutery/moschnyy_mayner_s9i_14.5ths_id_ustroystva_bllj39qil_1352883467
178,Битмайн асик S9i 14Th/s партия umpn95oelc,31960,1 неделю назад,р-н Центральный,https://www.avito.ru//krasnodar/nastolnye_kompyutery/bitmayn_asik_s9i_14ths_partiya_umpn95oelc_987510218
179,Асик майнер S9i 14Th/s ID устройства lowo54zwid,31960,1 неделю назад,р-н Центральный,https://www.avito.ru//krasnodar/nastolnye_kompyutery/asik_mayner_s9i_14ths_id_ustroystva_lowo54zwid_1595782546
180,Кроссовки asics,600,3 недели назад,р-н Карасунский,https://www.avito.ru//krasnodar/odezhda_obuv_aksessuary/krossovki_asics_1392092793
181,Мощный антмайнер S9i 14Th/s партия vlsj48rabp,31960,1 неделю назад,р-н Центральный,https://www.avito.ru//krasnodar/nastolnye_kompyutery/moschnyy_antmayner_s9i_14ths_partiya_vlsj48rabp_950597258
182,Асик антмайнер S9i 14.5Th/s партия gybd73qwgh,30900,1 неделю назад,р-н Центральный,https://www.avito.ru//krasnodar/nastolnye_kompyutery/asik_antmayner_s9i_14.5ths_partiya_gybd73qwgh_1389222818
183,Асик майнер S9i 14.5Th/s ID устройства zagg90fqmb,30900,1 неделю назад,р-н Центральный,https://www.avito.ru//krasnodar/nastolnye_kompyutery/asik_mayner_s9i_14.5ths_id_ustroystva_zagg90fqmb_959408404
184,Асики А3,55000,2 недели назад,р-н Центральный,https://www.avito.ru//krasnodar/nastolnye_kompyutery/asiki_a3_1104687284
185,Битмайн майнер S9i 14Th/s ID номер yiih62ohvv,31960,1 неделю назад,р-н Центральный,https://www.avito.ru//krasnodar/nastolnye_kompyutery/bitmayn_mayner_s9i_14ths_id_nomer_yiih62ohvv_1170520574
186,Женские кроссовки Asics Gel-Game 5 GS,3390,3 недели назад,р-н Центральный,https://www.avito.ru//krasnodar/odezhda_obuv_aksessuary/zhenskie_krossovki_asics_gel-game_5_gs_1625949265
187,Иммерсионное охлаждение охлаждение 8-12-24майнеров,200000,1 неделю назад,р-н Западный,https://www.avito.ru//krasnodar/tovary_dlya_kompyutera/immersionnoe_ohlazhdenie_ohlazhdenie_8-12-24maynerov_1500901605
188,Кроссовки,2000,1 неделю назад,р-н Прикубанский,https://www.avito.ru//krasnodar/odezhda_obuv_aksessuary/krossovki_1693154737
189,Битмайн антмайнер S9i 14Th/s серия uahe91glsf,31960,1 неделю назад,р-н Центральный,https://www.avito.ru//krasnodar/nastolnye_kompyutery/bitmayn_antmayner_s9i_14ths_seriya_uahe91glsf_1374080458
190,Битмайн майнер S9i 14Th/s серия cggj87pucl,31960,1 неделю назад,р-н Центральный,https://www.avito.ru//krasnodar/nastolnye_kompyutery/bitmayn_mayner_s9i_14ths_seriya_cggj87pucl_1357264523
191,Асик антмайнер S9i 14Th/s серия uzzb70mvdu,31960,1 неделю назад,р-н Центральный,https://www.avito.ru//krasnodar/nastolnye_kompyutery/asik_antmayner_s9i_14ths_seriya_uzzb70mvdu_1664116084
192,Мощный майнер S9i 14.5Th/s серия pakv89eybr,30900,1 неделю назад,р-н Центральный,https://www.avito.ru//krasnodar/nastolnye_kompyutery/moschnyy_mayner_s9i_14.5ths_seriya_pakv89eybr_1682985008
193,Мощный майнер S9i 14Th/s ID устройства zwcn21bxhs,31960,1 неделю назад,р-н Центральный,https://www.avito.ru//krasnodar/nastolnye_kompyutery/moschnyy_mayner_s9i_14ths_id_ustroystva_zwcn21bxhs_1163624338
194,Асик антмайнер S9i 14Th/s ID номер dlel47fzyl,31960,1 неделю назад,р-н Центральный,https://www.avito.ru//krasnodar/nastolnye_kompyutery/asik_antmayner_s9i_14ths_id_nomer_dlel47fzyl_1315054061
195,Кросовки Asics Outlast раз.46,5000,3 недели назад,р-н Западный,https://www.avito.ru//krasnodar/odezhda_obuv_aksessuary/krosovki_asics_outlast_raz.46_1120321307
196,Битмайн асик S9i 14.5Th/s ID устройства hbgq26fkrx,30900,1 неделю назад,р-н Центральный,https://www.avito.ru//krasnodar/nastolnye_kompyutery/bitmayn_asik_s9i_14.5ths_id_ustroystva_hbgq26fkrx_1721107592
197,Мощный асик S9i 14.5Th/s серия wldu31uutc,30900,1 неделю назад,р-н Центральный,https://www.avito.ru//krasnodar/nastolnye_kompyutery/moschnyy_asik_s9i_14.5ths_seriya_wldu31uutc_1300887189
198,Битмайн майнер S9i 14.5Th/s ID устройства yljc48fh,30900,1 неделю назад,р-н Центральный,https://www.avito.ru//krasnodar/nastolnye_kompyutery/bitmayn_mayner_s9i_14.5ths_id_ustroystva_yljc48fh_1474692505
199,Кроссовки Asics GT-2160,1000,3 недели назад,р-н Карасунский,https://www.avito.ru//krasnodar/odezhda_obuv_aksessuary/krossovki_asics_gt-2160_1609930046
200,Мощный асик S9i 14.5Th/s партия cjnv07xmtm,30900,1 неделю назад,р-н Центральный,https://www.avito.ru//krasnodar/nastolnye_kompyutery/moschnyy_asik_s9i_14.5ths_partiya_cjnv07xmtm_1496942176
201,Асик антмайнер S9i 14Th/s партия uqob25zebc,31960,1 неделю назад,р-н Центральный,https://www.avito.ru//krasnodar/nastolnye_kompyutery/asik_antmayner_s9i_14ths_partiya_uqob25zebc_1500869451
202,Asic S9i 14Th/s серия qvwl96vpws,33900,18 сентября 17:45,р-н Центральный,https://www.avito.ru//krasnodar/nastolnye_kompyutery/asic_s9i_14ths_seriya_qvwl96vpws_1550843881
203,Мощный майнер S9i 14.5Th/s партия zipv07glxy,30900,2 недели назад,р-н Центральный,https://www.avito.ru//krasnodar/nastolnye_kompyutery/moschnyy_mayner_s9i_14.5ths_partiya_zipv07glxy_1449759137
204,Asic innosilicon A8+,95000,18 сентября 16:41,р-н Западный,https://www.avito.ru//krasnodar/nastolnye_kompyutery/asic_innosilicon_a8_1014862580
205,Битмайн асик S9i 14Th/s серия jlfe00jfwz,31960,2 недели назад,р-н Центральный,https://www.avito.ru//krasnodar/nastolnye_kompyutery/bitmayn_asik_s9i_14ths_seriya_jlfe00jfwz_1148143229
206,Antminer Z9 mini реально в наличии,75990,2 недели назад,р-н Центральный,https://www.avito.ru//krasnodar/nastolnye_kompyutery/antminer_z9_mini_realno_v_nalichii_1310267960
207,"Кроссовки Asics Gel-Beyond 5, 7-13 US",6690,3 недели назад,р-н Центральный,https://www.avito.ru//krasnodar/odezhda_obuv_aksessuary/krossovki_asics_gel-beyond_5_7-13_us_1653620891
208,Толстовка мужская Asics,1500,3 недели назад,р-н Прикубанский,https://www.avito.ru//krasnodar/odezhda_obuv_aksessuary/tolstovka_muzhskaya_asics_888166123
209,Звукоизолирующий бокс для asic майнеров,4500,3 недели назад,р-н Центральный,https://www.avito.ru//krasnodar/tovary_dlya_kompyutera/zvukoizoliruyuschiy_boks_dlya_asic_maynerov_1641866360
210,Майнинг Отель в Краснодаре,Цена не указана,2 недели назад,"
       (р-н Прикубанский)
    ",https://www.avito.ru//krasnodar/predlozheniya_uslug/mayning_otel_v_krasnodare_1293042438
211,Спортивная одежда и обувь,Цена не указана,2 недели назад,Район не указан,https://www.avito.ru//krasnodar/odezhda_obuv_aksessuary/sportivnaya_odezhda_i_obuv_1324205499
212,Борцовки asics Split Second б/у,1000,3 недели назад,р-н Центральный,https://www.avito.ru//krasnodar/sport_i_otdyh/bortsovki_asics_split_second_bu_1194040135
213,"Кроссовки Asics Gel Sight, 36-40р",3550,3 недели назад,р-н Центральный,https://www.avito.ru//krasnodar/odezhda_obuv_aksessuary/krossovki_asics_gel_sight_36-40r_1661679576
214,Кроссовки Asics Gel,1990,3 недели назад,р-н Прикубанский,https://www.avito.ru//krasnodar/odezhda_obuv_aksessuary/krossovki_asics_gel_556363646
215,Трико,2500,2 недели назад,р-н Центральный,https://www.avito.ru//krasnodar/sport_i_otdyh/triko_1117881708
216,Борцовки,3800,2 недели назад,р-н Центральный,https://www.avito.ru//krasnodar/sport_i_otdyh/bortsovki_1033129954
217,Костюм спортивный Asics,1500,3 недели назад,р-н Карасунский,https://www.avito.ru//krasnodar/odezhda_obuv_aksessuary/kostyum_sportivnyy_asics_1076451299
218,Борцовки/Самбовки,2000,2 недели назад,р-н Прикубанский,https://www.avito.ru//krasnodar/sport_i_otdyh/bortsovkisambovki_1424873412
219,Кроссовки Asics Gel Lyte 5 фирменные арт.2784,2000,3 недели назад,р-н Прикубанский,https://www.avito.ru//krasnodar/odezhda_obuv_aksessuary/krossovki_asics_gel_lyte_5_firmennye_art.2784_1705947914
220,Кроссовки Asics GelLyte V чёрные,2999,3 недели назад,р-н Центральный,https://www.avito.ru//krasnodar/odezhda_obuv_aksessuary/krossovki_asics_gellyte_v_chernye_886604227
221,Кроссовки теннисные детские,3500,2 недели назад,р-н Прикубанский,https://www.avito.ru//krasnodar/detskaya_odezhda_i_obuv/krossovki_tennisnye_detskie_930137876
222,Продам asic antminer L3+ с б/п,30000,18 сентября 13:36,р-н Прикубанский,https://www.avito.ru//krasnodar/tovary_dlya_kompyutera/prodam_asic_antminer_l3_s_bp_1589970347
223,Кроссовки мужские asics,1499,18 сентября 17:30,р-н Прикубанский,https://www.avito.ru//krasnodar/odezhda_obuv_aksessuary/krossovki_muzhskie_asics_1609484184
224,Серверные блоки питания для майнинга,2499,2 недели назад,р-н Центральный,https://www.avito.ru//krasnodar/oborudovanie_dlya_biznesa/servernye_bloki_pitaniya_dlya_mayninga_1548835785
225,Тельняшки теплые и много фирменных вещей,500,2 недели назад,р-н Карасунский,https://www.avito.ru//krasnodar/odezhda_obuv_aksessuary/telnyashki_teplye_i_mnogo_firmennyh_veschey_1613179246
226,Кроссовки детские Asics размер K6 (22.5),900,18 сентября 13:40,р-н Центральный,https://www.avito.ru//krasnodar/detskaya_odezhda_i_obuv/krossovki_detskie_asics_razmer_k6_22.5_1347987229
227,"Много пар фирменной обуви,не хлам",1500,3 недели назад,р-н Карасунский,https://www.avito.ru//krasnodar/odezhda_obuv_aksessuary/mnogo_par_firmennoy_obuvine_hlam_1469112505
228,Контейнер для майнинга,1950000,3 недели назад,р-н Центральный,https://www.avito.ru//krasnodar/oborudovanie_dlya_biznesa/konteyner_dlya_mayninga_1215338604
229,Майнинг отель,Цена не указана,3 недели назад,"
       (р-н Центральный)
    ",https://www.avito.ru//krasnodar/predlozheniya_uslug/mayning_otel_1452512341
230,Antminer A3,20000,3 недели назад,р-н Центральный,https://www.avito.ru//krasnodar/tovary_dlya_kompyutera/antminer_a3_1638388672
231,Брюки asics,500,17 сентября 17:52,р-н Прикубанский,https://www.avito.ru//krasnodar/odezhda_obuv_aksessuary/bryuki_asics_1006645832
232,Шиповки,4000,3 недели назад,р-н Прикубанский,https://www.avito.ru//krasnodar/sport_i_otdyh/shipovki_1427439642
233,Кроссовки asics,1500,17 сентября 10:49,р-н Прикубанский,https://www.avito.ru//krasnodar/odezhda_obuv_aksessuary/krossovki_asics_1233289372
234,Майнинг отель,1500,3 недели назад,"
       (р-н Центральный)
    ",https://www.avito.ru//krasnodar/predlozheniya_uslug/mayning_otel_1028051756
235,Серверный блок питания IBM 2980W Артикул 00099,9000,3 недели назад,р-н Центральный,https://www.avito.ru//krasnodar/tovary_dlya_kompyutera/servernyy_blok_pitaniya_ibm_2980w_artikul_00099_1491071764
236,Все для настольного тенниса,Цена не указана,17 сентября 17:47,р-н Центральный,https://www.avito.ru//krasnodar/sport_i_otdyh/vse_dlya_nastolnogo_tennisa_911947033
237,Бейсболки отличное состояние,400,17 сентября 10:27,р-н Прикубанский,https://www.avito.ru//krasnodar/odezhda_obuv_aksessuary/beysbolki_otlichnoe_sostoyanie_1471650656
